<?xml version='1.0' encoding='iso-8859-1'?>
<tree id="0">
	<item text="Books" id="books" open="1" im0="books_close.gif" im1="tombs.gif" im2="tombs.gif" call="1" select="1">
		<item text="Mystery !!! &amp; Thrillers" id="mystery" im0="book.gif" im1="books_open.gif" im2="books_close.gif">
			<item text="Lawrence Block" id="lb" im0="book.gif" im1="books_open.gif" im2="book.gif"></item>
			<item text="Robert Crais" id="rc" im0="book.gif" im1="books_open.gif" im2="book.gif"></item>
			<item text="Ian Rankin" id="ir" im0="book.gif" im1="books_open.gif" im2="book.gif"></item>
			<item text="James Patterson" id="jp" im0="book.gif" im1="books_open.gif" im2="book.gif"></item>
			<item text="Nancy Atherton" id="na" im0="book.gif" im1="books_open.gif" im2="book.gif"></item>
		</item>
		<item text="History" id="history" im0="book.gif" im1="books_open.gif" im2="books_close.gif">
			<item text="John Mack Faragher" id="jmf" im0="book.gif" im1="books_open.gif" im2="book.gif"></item>
			<item text="Jim Dwyer" id="jd" im0="book.gif" im1="books_open.gif" im2="book.gif"></item>
			<item text="Larry Schweikart" id="ls" im0="book.gif" im1="books_open.gif" im2="book.gif"></item>
			<item text="R. Lee Ermey" id="rle" im0="book.gif" im1="books_open.gif" im2="book.gif"></item>
		</item>
		<item text="Horror" id="horror" open="1" im0="book.gif" im1="books_open.gif" im2="books_close.gif">
			<item text="Stephen King" id="sk" im0="book.gif" im1="books_open.gif" im2="book.gif"></item>
			<item text="Dan Brown" id="db" im0="book.gif" im1="books_open.gif" im2="book.gif"></item>
			<item text="Mary Janice Davidson" id="mjd" im0="book.gif" im1="books_open.gif" im2="book.gif"></item>
			<item text="Katie Macalister" id="km" im0="book.gif" im1="books_open.gif" im2="book.gif"></item>
		</item>
		<item text="Science Fiction &amp; Fantasy" id="fantasy" im0="book.gif" im1="books_open.gif" im2="books_close.gif">
			<item text="Audrey Niffenegger" id="af" im0="book.gif" im1="books_open.gif" im2="book.gif"></item>
			<item text="Philip Roth" id="pr" im0="book.gif" im1="books_open.gif" im2="book.gif"></item>
		</item>
		<item text="Sport" id="sport" im0="book.gif" im1="books_open.gif" im2="books_close.gif">
			<item text="Bill Reynolds" id="br" im0="book.gif" im1="books_open.gif" im2="book.gif"></item>
		</item>
		<item text="Teens" id="teens" im0="book.gif" im1="books_open.gif" im2="books_close.gif">
			<item text="Joss Whedon" id="jw" im0="book.gif" im1="books_open.gif" im2="book.gif"></item>
			<item text="Meg Cabot" id="mc" im0="book.gif" im1="books_open.gif" im2="book.gif"></item>
			<item text="Garth Nix" id="gn" im0="book.gif" im1="books_open.gif" im2="book.gif"></item>
			<item text="Ann Brashares" id="ab" im0="book.gif" im1="books_open.gif" im2="book.gif"></item>
		</item>
	</item>
	<item text="Magazines" id="magazines" im0="tombs_mag.gif" im1="tombs_mag.gif" im2="tombs_mag.gif">
		<item text="Sport" id="mag_sp" im0="magazines_open.gif" im1="magazines_open.gif" im2="magazines_close.gif"></item>
	</item>
</tree> 
