<?xml version='1.0' encoding='iso-8859-1'?>
<tree id="0">
	<item text="Lawrence Block" id="t2_lb" im0="book.gif" im1="books_open.gif" im2="book.gif">
		<item text="All the Flowers Are Dying" id="lb_1" im0="book_titel.gif" im1="book_titel.gif" im2="book_titel.gif"/>
		<item text="The Burglar on the Prowl" id="lb_2" im0="book_titel.gif" im1="book_titel.gif" im2="book_titel.gif"/>
		<item text="The Plot Thickens" id="lb_3" im0="book_titel.gif" im1="book_titel.gif" im2="book_titel.gif"/>
		<item text="Grifter's Game" id="lb_4" im0="book_titel.gif" im1="book_titel.gif" im2="book_titel.gif"/>
		<item text="The Burglar Who Thought He Was Bogart" id="lb_5" im0="book_titel.gif" im1="book_titel.gif" im2="book_titel.gif"/>
	</item>
	<item text="Robert Crais" id="t2_rc" open="1" im0="book.gif" im1="books_open.gif" im2="book.gif">
		<item text="The Forgotten Man" id="rc_1" im0="book_titel.gif" im1="book_titel.gif" im2="book_titel.gif"/>
		<item text="Stalking the Angel" id="rc_2" im0="book_titel.gif" im1="book_titel.gif" im2="book_titel.gif"/>
		<item text="Free Fall" id="rc_3" im0="book_titel.gif" im1="book_titel.gif" im2="book_titel.gif"/>
		<item text="Sunset Express" id="rc_4" im0="book_titel.gif" im1="book_titel.gif" im2="book_titel.gif"/>
		<item text="Hostage" id="rc_5" im0="book_titel.gif" im1="book_titel.gif" im2="book_titel.gif"/>
	</item>
	<item text="Dan Brown" id="t2_db" im0="book.gif" im1="books_open.gif" im2="book.gif">
		<item text="Angels &amp; Demons" id="db_1" im0="book_titel.gif" im1="book_titel.gif" im2="book_titel.gif"/>
		<item text="Deception Point" id="db_2" im0="book_titel.gif" im1="book_titel.gif" im2="book_titel.gif"/>
		<item text="Digital Fortress" id="db_3" im0="book_titel.gif" im1="book_titel.gif" im2="book_titel.gif"/>
		<item text="The Da Vinci Code" id="db_4" im0="book_titel.gif" im1="book_titel.gif" im2="book_titel.gif"/>
		<item text="Deception Point" id="db_5" im0="book_titel.gif" im1="book_titel.gif" im2="book_titel.gif"/>
	</item>
	<item text="Joss Whedon" id="t2_jw" im0="book.gif" im1="books_open.gif" im2="book.gif">
		<item text="Astonishing X-Men" id="jw_1" im0="book_titel.gif" im1="book_titel.gif" im2="book_titel.gif"/>
		<item text="Joss Whedon: The Genius Behind Buffy" id="jw_2" im0="book_titel.gif" im1="book_titel.gif" im2="book_titel.gif"/>
		<item text="Fray" id="jw_3" im0="book_titel.gif" im1="book_titel.gif" im2="book_titel.gif"/>
		<item text="Tales Of The Vampires" id="jw_4" im0="book_titel.gif" im1="book_titel.gif" im2="book_titel.gif"/>
		<item text="The Harvest" id="jw_5" im0="book_titel.gif" im1="book_titel.gif" im2="book_titel.gif"/>
	</item>
</tree> 
